card,ELO,count,picked_by
Unburial Rites,1154.267749150416,3,['Alex', 'Anthony', 'Alvin']
Mana Crypt,1150.7655227984053,3,['Allen', 'Miguel', 'Anthony']
Mox Jet,1150.555875508888,3,['Anthony', 'Alvin', 'Allen']
Lightning Bolt,1132.307851056595,3,['Allen', 'Alvin', 'Allen']
Basri Ket,1123.8210347694499,3,['Anthony', 'Dan', 'Diana']
Wheel of Fortune,1123.501579775418,3,['Miguel', 'Nathan', 'Anthony']
Demonic Tutor,1121.5085282246228,3,['Nathan', 'Allen', 'Nathan']
Jace, Vryn's Prodigy // Jace, Telepath Unbound,1119.3952559528136,3,['Nathan', 'Anthony', 'Nathan']
Tropical Island,1118.8678908533836,2,['Nathan', 'Miguel']
Wrath of God,1117.8091643463235,4,['Dan', 'Diana', 'Dan', 'Dan']
Mana Drain,1116.5009435573143,2,['Allen', 'Allen']
Fractured Identity,1114.4910779540776,3,['Nathan', 'Nathan', 'Dan']
Ancestral Recall,1114.1921319925855,2,['Nathan', 'Dan']
Luminous Broodmoth,1113.6155569176528,3,['Dan', 'Dan', 'Diana']
Clan Defiance,1112.664983288823,3,['Allen', 'Diana', 'Allen']
Mana Vault,1111.3111751447818,3,['Allen', 'Nathan', 'Allen']
Force of Will,1108.9518095879769,2,['Allen', 'Dan']
Hazoret the Fervent,1107.7469265822795,2,['Alvin', 'Diana']
Chaos Orb,1106.6897027749533,2,['Dan', 'Nathan']
Vampiric Tutor,1104.928716310704,3,['Nathan', 'Miguel', 'Alvin']
Sun Titan,1103.2939028571698,4,['Dan', 'Dan', 'Diana', 'Anthony']
Mox Diamond,1102.0055984361843,3,['Allen', 'Allen', 'Miguel']
Grave Titan,1100.9375724797044,3,['Alex', 'Anthony', 'Anthony']
Volcanic Island,1100.7344834925418,3,['Allen', 'Miguel', 'Nathan']
Angelic Destiny,1097.805376684331,3,['Dan', 'Dan', 'Dan']
Dack Fayden,1097.398146372441,2,['Anthony', 'Dan']
True-Name Nemesis,1094.4938630246004,3,['Allen', 'Nathan', 'Dan']
Glorybringer,1089.3275415770677,3,['Diana', 'Miguel', 'Anthony']
Courser of Kruphix,1087.6869761824187,2,['Diana', 'Dan']
Treachery,1086.6381483112234,2,['Nathan', 'Nathan']
Sol Ring,1085.4495140182873,2,['Alex', 'Allen']
Flame Slash,1085.0782082050448,3,['Miguel', 'Diana', 'Anthony']
Murderous Cut,1083.588659010153,2,['Anthony', 'Anthony']
Abbot of Keral Keep,1082.8888111246144,2,['Diana', 'Diana']
Coalition Relic,1081.4933765692224,3,['Allen', 'Nathan', 'Nathan']
Ugin, the Spirit Dragon,1080.688137637909,2,['Miguel', 'Miguel']
Sword of Truth and Justice,1080.5371315034881,3,['Dan', 'Dan', 'Anthony']
Paradox Engine,1080.1245500150658,2,['Allen', 'Dan']
Dance of the Dead,1079.7889669925896,2,['Anthony', 'Anthony']
Rakdos Signet,1079.4174384287135,2,['Anthony', 'Anthony']
Walking Ballista,1079.3240239229729,2,['Nathan', 'Allen']
Raugrin Triome,1078.1687309695174,2,['Dan', 'Anthony']
Fireblast,1076.6162610745225,2,['Diana', 'Diana']
Golgari Signet,1076.414093558,3,['Alex', 'Allen', 'Alvin']
Thalia, Heretic Cathar,1076.3972112824736,3,['Dan', 'Dan', 'Dan']
Mulldrifter,1075.3293296470774,2,['Nathan', 'Nathan']
Polluted Delta,1075.1750315562124,3,['Nathan', 'Allen', 'Nathan']
Liliana, Death's Majesty,1073.7514581166367,2,['Alvin', 'Anthony']
Firespout,1073.5610728930976,3,['Diana', 'Troy', 'Nathan']
Heroic Intervention,1073.094893816064,2,['Dan', 'Troy']
Noxious Gearhulk,1071.5304458828998,3,['Dan', 'Alex', 'Anthony']
Library of Alexandria,1071.064463067987,3,['Allen', 'Nathan', 'Miguel']
Entomb,1070.9784056735073,2,['Nathan', 'Anthony']
Thran Dynamo,1070.149693544613,3,['Nathan', 'Nathan', 'Allen']
Hero of Bladehold,1068.9372630881571,2,['Dan', 'Anthony']
Gilded Drake,1067.2470790754223,2,['Alex', 'Dan']
Kiki-Jiki, Mirror Breaker,1065.8815039873155,2,['Miguel', 'Allen']
Golos, Tireless Pilgrim,1065.1812356552057,3,['Allen', 'Diana', 'Miguel']
Sundering Titan,1065.125418441283,1,['Alvin']
Incinerate,1064.9053703158297,2,['Miguel', 'Diana']
Black Lotus,1064.7547954235686,1,['Nathan']
Primeval Titan,1064.6541796887857,1,['Nathan']
Birds of Paradise,1064.499532544649,1,['Troy']
Sheoldred, Whispering One,1064.4267724247188,1,['Anthony']
Chandra, Torch of Defiance,1064.349650182325,1,['Miguel']
Dimir Signet,1064.235650646018,1,['Nathan']
Knight of the Ebon Legion,1064.1416685697309,1,['Anthony']
Timetwister,1064.0291992107977,1,['Nathan']
Phantasmal Image,1063.934119358928,1,['Anthony']
Joraga Treespeaker,1063.925188323098,2,['Dan', 'Miguel']
Time Vault,1063.861416635986,1,['Alex']
Memory Jar,1063.6318800582796,1,['Miguel']
Daretti, Ingenious Iconoclast,1063.5419747654767,1,['Alvin']
Blood Crypt,1063.51341037882,1,['Anthony']
Izzet Signet,1063.099602583605,1,['Allen']
Sword of Fire and Ice,1063.0614400842749,1,['Anthony']
Sneak Attack,1062.41030730187,2,['Allen', 'Nathan']
Gideon of the Trials,1062.3923519240652,1,['Anthony']
Gilded Lotus,1062.268398828336,2,['Diana', 'Anthony']
Spellseeker,1062.0744890651567,2,['Allen', 'Miguel']
Collective Defiance,1061.9478232374584,1,['Diana']
Nevinyrral's Disk,1061.791721689917,1,['Alvin']
Earthshaker Khenra,1061.7777643031916,1,['Dan']
Liliana's Triumph,1061.6521837399296,3,['Anthony', 'Alvin', 'Anthony']
Mox Pearl,1061.6312609216623,1,['Dan']
Time Walk,1061.499479193442,1,['Dan']
Strip Mine,1061.3475614289118,1,['Allen']
Azorius Signet,1061.1510409577495,3,['Allen', 'Dan', 'Miguel']
Doubling Season,1060.9298460655423,2,['Troy', 'Alex']
Ponder,1060.2844996826755,2,['Nathan', 'Nathan']
Capsize,1060.2122936132391,2,['Dan', 'Dan']
Feldon of the Third Path,1058.4302813485274,2,['Anthony', 'Diana']
Torbran, Thane of Red Fell,1058.1074276894874,2,['Diana', 'Diana']
Teferi, Hero of Dominaria,1057.5935392328643,1,['Nathan']
Gideon, Ally of Zendikar,1056.6394131879867,1,['Allen']
Dack's Duplicate,1056.501796472065,1,['Anthony']
Snapcaster Mage,1056.4497111954006,1,['Nathan']
Misty Rainforest,1056.425276093322,1,['Allen']
Kalitas, Traitor of Ghet,1056.021159347963,2,['Alex', 'Anthony']
Leyline Tyrant,1055.6809565170115,1,['Troy']
Craterhoof Behemoth,1055.447107398676,1,['Diana']
Humility,1055.2101729934957,1,['Diana']
Mystic Snake,1055.0421837562822,1,['Nathan']
Elder Gargaroth,1054.9170241474474,1,['Troy']
Watery Grave,1054.8643457339133,1,['Allen']
Steam Vents,1054.7071358929693,1,['Nathan']
Daretti, Scrap Savant,1054.5909059455819,1,['Anthony']
Mana Confluence,1054.453490489425,1,['Alex']
Sakura-Tribe Elder,1054.4093416346198,3,['Diana', 'Alex', 'Alvin']
Vraska, Golgari Queen,1054.3823661454107,1,['Dan']
Search for Tomorrow,1054.3005933096006,3,['Diana', 'Miguel', 'Miguel']
Cryptic Command,1053.9918855957178,1,['Miguel']
Sevinne's Reclamation,1053.9512088837937,1,['Anthony']
Greater Gargadon,1053.9401139689794,1,['Alvin']
Shelldock Isle,1053.839412269191,1,['Miguel']
Prismatic Vista,1053.752746535855,1,['Nathan']
Verdant Catacombs,1053.5551711646738,1,['Miguel']
Mox Sapphire,1053.3270347290538,1,['Allen']
Myr Battlesphere,1053.1339283633786,2,['Allen', 'Allen']
Mox Ruby,1052.9373615427087,1,['Alex']
Karn Liberated,1052.8080264271034,1,['Alvin']
Felidar Retreat,1052.4457035918283,2,['Alex', 'Diana']
Magma Jet,1052.445686720661,1,['Dan']
Anguished Unmaking,1050.9084225841298,2,['Dan', 'Anthony']
Venser, Shaper Savant,1050.8915613433126,2,['Nathan', 'Allen']
Purphoros, God of the Forge,1050.829634270114,3,['Diana', 'Alex', 'Allen']
Elspeth Conquers Death,1050.6689708082406,3,['Dan', 'Dan', 'Alex']
Looter il-Kor,1049.790627021638,2,['Alex', 'Nathan']
Glen Elendra Archmage,1049.574667383936,4,['Nathan', 'Nathan', 'Miguel', 'Nathan']
Shark Typhoon,1049.2230053291048,2,['Allen', 'Dan']
Tangle Wire,1049.0495795077181,2,['Alex', 'Nathan']
Aurelia, the Warleader,1048.7916832585352,3,['Nathan', 'Diana', 'Diana']
Day of Judgment,1048.7141698737053,2,['Dan', 'Diana']
Umezawa's Jitte,1048.5224591988454,3,['Anthony', 'Miguel', 'Dan']
Ogre Battledriver,1048.5153076637794,1,['Alvin']
Iona, Shield of Emeria,1048.4569096419816,2,['Diana', 'Diana']
Kogla, the Titan Ape,1047.8330675893762,1,['Alvin']
Flametongue Kavu,1047.7133527064534,1,['Diana']
Paliano, the High City,1047.6167885696868,1,['Allen']
Gideon Blackblade,1047.417666068615,2,['Diana', 'Diana']
Soul-Scar Mage,1047.2693497581586,1,['Diana']
Worn Powerstone,1047.1074625249037,2,['Anthony', 'Diana']
Brimaz, King of Oreskos,1047.0978257994138,1,['Anthony']
Splinter Twin,1046.96720872337,1,['Diana']
Selfless Spirit,1046.789255882169,2,['Dan', 'Diana']
Birthing Pod,1046.777534482371,2,['Miguel', 'Nathan']
Maze of Ith,1046.6222111744648,2,['Allen', 'Dan']
Kazuul's Fury // Kazuul's Cliffs,1046.5951897804173,2,['Diana', 'Dan']
Oracle of Mul Daya,1046.4271420255582,2,['Allen', 'Allen']
Bloodforged Battle-Axe,1046.031256860412,2,['Dan', 'Anthony']
Gaea's Cradle,1045.987291329456,1,['Miguel']
Clever Impersonator,1045.8993869358374,3,['Anthony', 'Nathan', 'Anthony']
Vial Smasher the Fierce,1045.7938380255653,1,['Anthony']
Young Pyromancer,1045.7711850892947,1,['Miguel']
Oko, Thief of Crowns,1045.7094919568658,1,['Allen']
Blightsteel Colossus,1045.6301187836027,1,['Diana']
Murderous Redcap,1045.6120449591494,2,['Nathan', 'Alex']
Victimize,1045.4773094061136,1,['Alex']
Legion Warboss,1045.4709870439892,1,['Allen']
Sword of Sinew and Steel,1045.4433146321255,1,['Anthony']
Balance,1045.379837966401,2,['Allen', 'Alex']
Heartless Act,1045.220424744062,1,['Alex']
Talisman of Progress,1044.9152989685938,1,['Nathan']
Garruk Wildspeaker,1044.8516257070598,1,['Dan']
Opposition Agent,1044.7940099076363,1,['Alvin']
Teferi, Time Raveler,1044.3919758775148,1,['Nathan']
Sarulf, Realm Eater,1044.140775033881,2,['Dan', 'Alvin']
Tinker,1044.028557735407,1,['Anthony']
Sylvan Caryatid,1044.0088800991934,2,['Allen', 'Alvin']
Electrodominance,1043.9704125019014,1,['Diana']
Zealous Conscripts,1043.8289890503231,1,['Allen']
Sensei's Divining Top,1043.5141606133543,2,['Allen', 'Allen']
Animate Dead,1043.398389313129,2,['Anthony', 'Alvin']
Fervent Champion,1043.1138882914595,3,['Diana', 'Anthony', 'Diana']
Isochron Scepter,1043.0026293286435,1,['Dan']
Lotus Cobra,1042.9705440173045,1,['Alex']
Enlightened Tutor,1042.8458571977983,3,['Dan', 'Alex', 'Diana']
Woodfall Primus,1042.5030234050857,2,['Alex', 'Troy']
Thirst for Knowledge,1041.6254307614104,2,['Anthony', 'Nathan']
Scalding Tarn,1040.905510862669,3,['Allen', 'Allen', 'Allen']
Keldon Marauders,1040.3605013200226,1,['Diana']
Thieving Skydiver,1039.9741704352875,2,['Dan', 'Nathan']
Abrade,1039.6811293422766,1,['Allen']
Badlands,1039.0888968388156,3,['Alex', 'Miguel', 'Nathan']
Azusa, Lost but Seeking,1039.0618943452619,1,['Miguel']
Nissa, Who Shakes the World,1038.281973641012,3,['Diana', 'Nathan', 'Dan']
Seasoned Pyromancer,1038.2760281767994,2,['Miguel', 'Diana']
Abrupt Decay,1038.181690496883,1,['Alvin']
Ancient Tomb,1038.1552325656673,3,['Allen', 'Allen', 'Allen']
Simic Signet,1038.0855698801195,1,['Allen']
Hengegate Pathway // Mistgate Pathway,1037.8353164088337,2,['Nathan', 'Dan']
Gonti, Lord of Luxury,1037.6098132707098,1,['Anthony']
Shatterskull Smashing // Shatterskull, the Hammer Pass,1037.59080701211,3,['Diana', 'Diana', 'Dan']
Rakdos's Return,1037.4471993136956,3,['Anthony', 'Allen', 'Allen']
Soul Shatter,1037.1720870000022,3,['Nathan', 'Alvin', 'Anthony']
Prophet of Kruphix,1037.1693275664127,1,['Alex']
Bloom Tender,1036.8393017502383,1,['Troy']
Ahn-Crop Crasher,1036.8014414521583,2,['Diana', 'Alvin']
Reflecting Pool,1036.1564388162724,1,['Nathan']
Dark Ritual,1036.110767311353,3,['Anthony', 'Alvin', 'Alvin']
Mirage Mirror,1035.5168874364047,2,['Dan', 'Anthony']
Avacyn, Angel of Hope,1035.2523684252853,3,['Troy', 'Alex', 'Diana']
Sylvan Library,1035.2484605831453,2,['Miguel', 'Alvin']
Student of Warfare,1035.1734821577043,1,['Allen']
Rograkh, Son of Rohgahh,1035.1500412398636,1,['Diana']
Recurring Nightmare,1034.8719316472059,3,['Anthony', 'Anthony', 'Alvin']
Hostage Taker,1034.5723262680349,1,['Allen']
Scavenging Ooze,1034.3715407362872,2,['Miguel', 'Alvin']
Thassa's Oracle,1034.2897639246157,1,['Nathan']
Liliana, the Last Hope,1033.98039026333,1,['Alvin']
Deep Forest Hermit,1033.743176732799,2,['Diana', 'Diana']
Embercleave,1033.368531192,3,['Diana', 'Troy', 'Dan']
Bloodstained Mire,1032.9262141309785,3,['Allen', 'Miguel', 'Allen']
Counterspell,1032.6429987510037,2,['Nathan', 'Allen']
Panharmonicon,1032.1315860654474,2,['Allen', 'Nathan']
Gilded Goose,1031.9530496526802,2,['Diana', 'Miguel']
Thunderbreak Regent,1031.6451879291108,2,['Anthony', 'Diana']
Kolaghan's Command,1030.6458630491124,2,['Alvin', 'Nathan']
Earthcraft,1029.6757459426647,1,['Alex']
Rhythm of the Wild,1029.45980548147,1,['Diana']
Into the Roil,1029.0637768260156,2,['Anthony', 'Nathan']
Time Warp,1028.3088735291265,1,['Nathan']
Breeding Pool,1028.1899098454614,1,['Miguel']
Rancor,1028.1827161942567,1,['Diana']
Firebolt,1028.1694628647408,2,['Miguel', 'Diana']
Crystalline Crawler,1028.0937049628192,2,['Diana', 'Anthony']
Fallen Shinobi,1027.897105686802,1,['Miguel']
Impulse,1027.5899210835178,1,['Allen']
Act of Aggression,1027.4974561835868,2,['Diana', 'Diana']
Bribery,1027.3904138062505,1,['Miguel']
Elspeth, Sun's Champion,1027.363847795725,1,['Anthony']
Karn, Scion of Urza,1027.2265692029239,1,['Anthony']
Rotting Regisaur,1027.2028495996453,1,['Alvin']
Gruul Signet,1027.2024627425008,1,['Miguel']
Sword of Feast and Famine,1026.9220112690093,1,['Anthony']
Everflowing Chalice,1026.921601673586,1,['Troy']
Chart a Course,1026.8776452671975,1,['Nathan']
Zurgo Bellstriker,1026.7469705701485,3,['Diana', 'Diana', 'Diana']
Bitterblossom,1026.4949654534487,2,['Miguel', 'Alex']
Koth of the Hammer,1025.9077491339003,1,['Diana']
Rolling Earthquake,1025.8828964994343,1,['Dan']
Remand,1025.7871239672572,2,['Nathan', 'Miguel']
Wrenn and Six,1025.756839928386,2,['Allen', 'Allen']
Archangel Avacyn // Avacyn, the Purifier,1025.1636470751478,1,['Dan']
Mystic Confluence,1024.1547884600357,2,['Nathan', 'Nathan']
Underground Sea,1024.1126670672897,2,['Anthony', 'Alvin']
Opt,1023.246266775778,2,['Nathan', 'Dan']
Miscalculation,1022.2249310171798,3,['Nathan', 'Miguel', 'Allen']
Broken Wings,1021.245305753427,1,['Troy']
Talisman of Impulse,1020.4016699081701,2,['Troy', 'Allen']
Elvish Mystic,1020.3031559672622,2,['Allen', 'Dan']
Rakdos Cackler,1020.0292467318071,2,['Alvin', 'Diana']
Ajani Vengeant,1019.9235193261172,1,['Diana']
Liliana of the Veil,1019.7240997228821,1,['Alex']
Hellrider,1019.4194706408935,1,['Anthony']
Gitaxian Probe,1018.8804286688079,1,['Nathan']
Grafted Wargear,1018.8792900320565,1,['Allen']
Hypnotic Specter,1018.7641156633713,1,['Anthony']
Carnage Tyrant,1018.5115175003158,1,['Dan']
Go for Blood,1018.3809189258683,1,['Diana']
Chromatic Orrery,1018.3623468973099,1,['Allen']
Elvish Piper,1018.3215936902934,1,['Diana']
Evolution Sage,1018.1522457290056,1,['Alvin']
Karakas,1017.9240142523914,1,['Dan']
Hallowed Fountain,1017.7115964364315,2,['Dan', 'Miguel']
Journey to Nowhere,1017.3408903594031,1,['Anthony']
Sea Gate Stormcaller,1017.2722505241416,1,['Allen']
Midnight Clock,1017.1430687752235,1,['Dan']
Austere Command,1017.1022764975877,1,['Alex']
Siren Stormtamer,1016.8618504751917,2,['Dan', 'Nathan']
Pact of Negation,1016.8211139675975,2,['Alex', 'Miguel']
Bonecrusher Giant // Stomp,1016.5136431108131,1,['Miguel']
Goblin Welder,1016.4955217182908,2,['Allen', 'Anthony']
Assassin's Trophy,1016.4816657027069,3,['Alex', 'Nathan', 'Miguel']
Coercive Portal,1015.9862351168335,1,['Nathan']
Leovold, Emissary of Trest,1015.8845024898768,1,['Nathan']
Agent of Treachery,1015.8661412671709,2,['Nathan', 'Nathan']
Sweltering Suns,1015.5098320074311,2,['Dan', 'Alvin']
Thrun, the Last Troll,1014.5676240876276,3,['Diana', 'Dan', 'Alvin']
Urza, Lord High Artificer,1013.349946153394,1,['Anthony']
Kitesail Freebooter,1012.9658077340019,3,['Anthony', 'Allen', 'Anthony']
Kari Zev, Skyship Raider,1012.8994239525263,1,['Troy']
Growth Spiral,1012.5413567470289,2,['Alex', 'Miguel']
Insult // Injury,1011.5176346628834,1,['Diana']
Dryad of the Ilysian Grove,1011.1412797370972,1,['Alvin']
Inquisition of Kozilek,1010.7145674708535,1,['Alex']
Wurmcoil Engine,1010.6118749348583,1,['Nathan']
Sidisi, Undead Vizier,1010.6010690008992,3,['Allen', 'Alex', 'Diana']
Fauna Shaman,1010.4339856003168,1,['Diana']
Massacre Wurm,1010.2785672450417,1,['Anthony']
Narset's Reversal,1010.0779408741031,1,['Nathan']
Mana Leak,1009.8636055772624,1,['Miguel']
Dark Confidant,1009.620119347968,1,['Miguel']
Torrential Gearhulk,1009.5981631859705,2,['Nathan', 'Anthony']
Bonesplitter,1009.4606187966119,1,['Allen']
Upheaval,1009.3591032655562,1,['Allen']
Ancestral Vision,1008.706183109535,2,['Allen', 'Miguel']
Path to Exile,1008.4712392623629,2,['Anthony', 'Nathan']
Boros Charm,1008.2845527150514,1,['Dan']
Shalai, Voice of Plenty,1008.0265768964367,3,['Dan', 'Dan', 'Dan']
Siege-Gang Commander,1007.9454201738416,1,['Dan']
Read the Bones,1007.9217912875922,1,['Anthony']
Burst Lightning,1007.4777533963173,1,['Nathan']
Thalia, Guardian of Thraben,1006.6678879232197,1,['Allen']
Angel of Sanctions,1006.657434837507,2,['Dan', 'Anthony']
Faithless Looting,1006.0612831096163,1,['Allen']
Mystical Tutor,1005.6969715871655,1,['Dan']
The Scarab God,1005.0938368962242,2,['Alex', 'Anthony']
Berserk,1004.4754897535395,1,['Dan']
Soltari Champion,1004.2456172610954,2,['Dan', 'Dan']
Taiga,1004.2291298186802,3,['Allen', 'Dan', 'Dan']
Swords to Plowshares,1004.089327405314,1,['Troy']
Luminarch Ascension,1004.0774938024143,2,['Troy', 'Dan']
Eureka,1004.017585352142,3,['Diana', 'Allen', 'Alvin']
Chromatic Lantern,1003.9660371830759,2,['Troy', 'Allen']
Dreadbore,1003.7794249475517,2,['Diana', 'Alvin']
Narset, Parter of Veils,1003.565448310134,3,['Nathan', 'Nathan', 'Nathan']
Flickerwisp,1003.4521192875861,1,['Anthony']
Expansion // Explosion,1003.4275129750191,2,['Dan', 'Dan']
Rankle, Master of Pranks,1003.1516443181264,1,['Diana']
Lightning Mauler,1002.705418956447,2,['Diana', 'Anthony']
Blasphemous Act,1002.5164709483474,2,['Dan', 'Troy']
Fiery Confluence,1002.377455073614,1,['Diana']
Shriekmaw,1002.266391539539,1,['Anthony']
Overgrown Tomb,1002.2316738970309,3,['Alex', 'Nathan', 'Allen']
Regrowth,1001.831753055306,1,['Allen']
Dismember,1001.8263190510679,2,['Alvin', 'Anthony']
Green Sun's Zenith,1001.6290117278027,2,['Dan', 'Alvin']
Windswept Heath,1001.139515256141,3,['Alex', 'Miguel', 'Dan']
Reveillark,1000.7779291611073,1,['Anthony']
Flooded Strand,1000.6944784201128,4,['Anthony', 'Nathan', 'Miguel', 'Nathan']
Skyclave Apparition,1000.1396457702847,2,['Nathan', 'Allen']
Murderous Rider // Swift End,1000.1006228387397,1,['Nathan']
Yawgmoth's Will,999.9352473228554,2,['Allen', 'Anthony']
Baral, Chief of Compliance,999.6835658864383,1,['Miguel']
Blood Moon,999.6708490999133,1,['Diana']
Savannah,999.6555349084857,2,['Dan', 'Nathan']
Solemn Simulacrum,999.5681631078329,1,['Nathan']
Remove Soul,999.4948832674794,2,['Nathan', 'Diana']
Noble Hierarch,999.4855088838902,2,['Diana', 'Anthony']
Overwhelmed Apprentice,999.1550633903889,3,['Anthony', 'Anthony', 'Dan']
Talisman of Indulgence,998.987498214167,1,['Alvin']
Force of Negation,997.9871846844646,2,['Nathan', 'Anthony']
Aurelia, Exemplar of Justice,997.5181267253379,2,['Nathan', 'Diana']
Orzhov Signet,997.4939371049835,2,['Anthony', 'Anthony']
Vivien, Monsters' Advocate,997.3396907636995,2,['Dan', 'Dan']
Restoration Angel,997.328275162607,1,['Alvin']
Glorious Protector,997.1532881107324,2,['Dan', 'Dan']
Lumbering Falls,997.0085739523374,2,['Allen', 'Alvin']
Geist of Saint Traft,996.9962274271044,1,['Dan']
Beanstalk Giant // Fertile Footsteps,996.941317797172,3,['Diana', 'Miguel', 'Miguel']
Oblivion Ring,996.4092441766246,2,['Dan', 'Dan']
Mimic Vat,995.681573375272,2,['Troy', 'Dan']
Lurrus of the Dream-Den,995.4336847566702,1,['Alex']
Deceiver Exarch,995.3327293195074,3,['Alex', 'Allen', 'Allen']
Riftwing Cloudskate,994.780571325509,3,['Nathan', 'Nathan', 'Nathan']
Ancient Grudge,994.4035354246255,3,['Diana', 'Diana', 'Alvin']
Compulsive Research,993.852414944846,2,['Allen', 'Nathan']
Blightstep Pathway // Searstep Pathway,993.797250481491,2,['Allen', 'Alvin']
Light Up the Stage,993.731731269131,1,['Diana']
Zirda, the Dawnwaker,993.3262131047965,1,['Dan']
Stunt Double,993.0441984167988,1,['Alex']
Sower of Temptation,993.0366689730433,1,['Miguel']
Spark Double,992.6542924232504,2,['Anthony', 'Dan']
Giant Killer // Chop Down,992.5879105496621,1,['Troy']
Disallow,992.5298032216749,1,['Anthony']
Beast Whisperer,992.413948580162,1,['Troy']
Toxic Deluge,992.1968944914032,4,['Nathan', 'Allen', 'Allen', 'Nathan']
Ulamog, the Ceaseless Hunger,992.0844182994249,1,['Nathan']
Avalanche Riders,991.920297462818,1,['Miguel']
Tithe Taker,991.871613106731,1,['Dan']
The Royal Scions,991.8160179687276,2,['Allen', 'Anthony']
Porcelain Legionnaire,991.5760412451529,2,['Troy', 'Dan']
Lightning Skelemental,991.3085446603988,3,['Diana', 'Alvin', 'Allen']
Zulaport Cutthroat,991.0084280430464,1,['Alex']
Rampaging Ferocidon,990.7543361949416,3,['Dan', 'Alvin', 'Dan']
Sprite Dragon,989.880745622944,3,['Allen', 'Diana', 'Allen']
Mishra's Factory,989.5647050472844,2,['Anthony', 'Diana']
Llanowar Elves,989.4756881064997,2,['Nathan', 'Alvin']
Stomping Ground,988.9930386493553,1,['Allen']
Armageddon,988.5383605567442,3,['Diana', 'Anthony', 'Diana']
Savai Triome,988.4731698212782,2,['Alex', 'Anthony']
Fellwar Stone,988.1564126687178,1,['Dan']
Hydroid Krasis,988.0256168033217,1,['Dan']
Disenchant,987.5949579776676,4,['Anthony', 'Allen', 'Nathan', 'Diana']
Boros Signet,987.510494210332,1,['Dan']
Zagoth Triome,986.6251929631442,1,['Alvin']
Aurelia's Fury,986.56095951689,2,['Troy', 'Dan']
Spectral Sailor,986.3864585457397,2,['Allen', 'Anthony']
Avenger of Zendikar,986.1951830688537,3,['Miguel', 'Anthony', 'Alvin']
Wasteland,986.175952512072,3,['Allen', 'Nathan', 'Allen']
Goblin Cratermaker,985.9633322006309,2,['Diana', 'Diana']
Seasoned Hallowblade,985.4431396716752,1,['Diana']
Lavaclaw Reaches,985.3910563689327,1,['Anthony']
Talisman of Dominance,985.2557630744351,2,['Anthony', 'Nathan']
Daze,985.1565045604484,1,['Nathan']
Bazaar of Baghdad,984.9810360651587,1,['Anthony']
Imperial Seal,984.823841294642,1,['Alex']
Dreadhorde Arcanist,984.7604207874274,1,['Diana']
Spirit of the Labyrinth,984.7422345272768,1,['Diana']
Skyclave Relic,984.4854978819081,2,['Allen', 'Anthony']
Intruder Alarm,984.1362611621072,1,['Allen']
Scroll Rack,983.798536053341,1,['Troy']
Luminarch Aspirant,983.5299179033879,2,['Dan', 'Anthony']
Lightning Greaves,982.9228229513739,2,['Diana', 'Dan']
Needle Spires,982.8145611670576,1,['Dan']
Hanweir Garrison,982.8083373550645,1,['Diana']
Razaketh, the Foulblooded,982.6096550078431,2,['Alvin', 'Nathan']
Repeal,982.4007815266925,2,['Nathan', 'Diana']
Omnath, Locus of Creation,982.3785898288174,1,['Allen']
Inferno Titan,982.2526786464549,1,['Dan']
Selesnya Signet,982.1719151570786,1,['Alex']
Underground River,982.1363715041829,2,['Allen', 'Alvin']
Hexdrinker,982.0253058051898,1,['Alex']
Griselbrand,981.9968515063267,3,['Alex', 'Anthony', 'Anthony']
Scrubland,981.7260118340345,1,['Nathan']
Bayou,981.6066218714165,2,['Alex', 'Dan']
Lingering Souls,981.4762054487321,1,['Dan']
Collector Ouphe,981.2156462482808,1,['Allen']
Basalt Monolith,981.1706581895268,1,['Allen']
Stoneforge Mystic,981.0703900562496,1,['Nathan']
Dire Fleet Daredevil,981.0660971324768,2,['Miguel', 'Dan']
Goblin Dark-Dwellers,981.0326591981006,2,['Allen', 'Anthony']
Searing Blaze,980.693739541267,1,['Allen']
Wear // Tear,980.592024804492,1,['Dan']
Mana Tithe,980.3832999154785,2,['Anthony', 'Allen']
Fastbond,980.0421336125756,1,['Diana']
Negate,979.8350659230791,1,['Anthony']
Silverblade Paladin,979.6867787037512,1,['Allen']
Pestermite,979.4559528900827,2,['Dan', 'Miguel']
Nullpriest of Oblivion,979.1066297929387,3,['Anthony', 'Anthony', 'Anthony']
Den Protector,978.9441377343892,2,['Diana', 'Alvin']
Mesmeric Fiend,978.7060277991094,2,['Allen', 'Anthony']
Faith's Fetters,978.6992730534404,1,['Diana']
Kenrith, the Returned King,978.6221865399731,2,['Allen', 'Dan']
Merfolk Looter,978.4874157261722,2,['Nathan', 'Miguel']
Lightning Helix,978.4214253256047,1,['Miguel']
Riverglide Pathway // Lavaglide Pathway,978.4122446286475,2,['Allen', 'Anthony']
Radha, Heart of Keld,978.3852636178681,1,['Diana']
Fires of Invention,978.246284314664,2,['Diana', 'Nathan']
Battlefield Forge,977.9804603998131,2,['Alex', 'Diana']
Seedborn Muse,977.716327332375,2,['Diana', 'Allen']
Grim Monolith,977.6392212074722,2,['Alex', 'Nathan']
Soulfire Grand Master,977.6195206049929,3,['Nathan', 'Dan', 'Diana']
Go for the Throat,976.4777375115274,2,['Nathan', 'Alvin']
Snuff Out,976.3354491507138,1,['Anthony']
Migration Path,976.2589814513243,2,['Troy', 'Nathan']
Ruin Crab,976.1369697754448,2,['Alex', 'Allen']
Knight of Autumn,975.9558640263203,1,['Alex']
The Immortal Sun,975.5502825990782,1,['Allen']
Phyrexian Metamorph,975.0595145376695,1,['Anthony']
Fyndhorn Elves,975.059501776318,1,['Alvin']
Yahenni, Undying Partisan,974.8950955698526,1,['Anthony']
Ashen Rider,974.6858231132375,1,['Diana']
Wilt,974.6206972823237,3,['Dan', 'Troy', 'Dan']
Crumbling Necropolis,974.3379433647801,1,['Alex']
Wall of Blossoms,974.1663416935179,1,['Alex']
Duress,974.1481659756975,1,['Anthony']
Kytheon, Hero of Akros // Gideon, Battle-Forged,974.03744624192,3,['Dan', 'Dan', 'Anthony']
Grim Lavamancer,973.976508865611,4,['Diana', 'Diana', 'Diana', 'Anthony']
Skullclamp,973.8145093452537,2,['Alex', 'Nathan']
Recruiter of the Guard,973.5434720022049,3,['Anthony', 'Anthony', 'Diana']
Caves of Koilos,972.4849666991398,1,['Nathan']
Arid Mesa,972.3198210294288,3,['Nathan', 'Miguel', 'Allen']
Palinchron,972.2570891937908,2,['Allen', 'Dan']
Forsake the Worldly,971.8747436440419,2,['Dan', 'Diana']
Damnation,971.5552584961274,3,['Alex', 'Diana', 'Nathan']
Ravages of War,971.2460972396995,1,['Dan']
Nighthawk Scavenger,971.2150659025589,3,['Dan', 'Nathan', 'Nathan']
Burning of Xinye,970.6720859467812,1,['Nathan']
Yawgmoth, Thran Physician,970.5262691875677,2,['Diana', 'Alex']
Nicol Bolas, Planeswalker,970.5196045673925,2,['Allen', 'Alvin']
Elves of Deep Shadow,969.8275444433922,1,['Dan']
Eternal Witness,969.6273502676826,1,['Miguel']
Izzet Charm,969.0649039439697,1,['Anthony']
Charming Prince,968.1732510966717,3,['Anthony', 'Dan', 'Diana']
Baleful Strix,967.5955799903725,2,['Nathan', 'Allen']
Apostle's Blessing,966.3802080832605,1,['Allen']
Settle the Wreckage,966.1467006389869,3,['Diana', 'Diana', 'Anthony']
Fatal Push,966.0246566338524,1,['Diana']
Once Upon a Time,965.9281688812712,2,['Allen', 'Alex']
Hullbreacher,965.903768202573,1,['Nathan']
Council's Judgment,965.6216614824126,1,['Nathan']
Sphinx's Tutelage,965.5233473449274,3,['Diana', 'Diana', 'Alvin']
Hornet Queen,965.1696786738466,1,['Diana']
Shrine of Burning Rage,964.7083514518628,3,['Diana', 'Alvin', 'Diana']
Rampant Growth,964.6875900771756,3,['Diana', 'Alex', 'Alvin']
Manglehorn,964.6850184900802,2,['Nathan', 'Anthony']
Yarok, the Desecrated,964.5598463442466,1,['Alvin']
Ramunap Excavator,964.3812452846145,1,['Anthony']
Tundra,964.2950411581753,2,['Miguel', 'Allen']
Mind Stone,964.2724995758256,2,['Nathan', 'Troy']
Yawgmoth's Bargain,963.8996494087621,1,['Nathan']
Shambling Vent,963.8096705443579,2,['Anthony', 'Alvin']
Valki, God of Lies // Tibalt, Cosmic Impostor,963.6112954229598,1,['Allen']
Lavinia of the Tenth,963.5132868602063,1,['Allen']
Living Death,963.4462424942376,1,['Dan']
Embereth Shieldbreaker // Battle Display,963.2831955124817,3,['Alex', 'Diana', 'Dan']
Wildfire,963.1876699799943,1,['Miguel']
Jungle Shrine,963.0235440533296,2,['Diana', 'Diana']
Dragonlord Atarka,962.7839510785908,3,['Dan', 'Troy', 'Anthony']
Brazen Borrower // Petty Theft,962.7773401714422,1,['Dan']
Maul of the Skyclaves,962.7365624680114,1,['Dan']
Kinnan, Bonder Prodigy,962.5656503267769,2,['Allen', 'Allen']
Intuition,962.5569945792844,3,['Alex', 'Anthony', 'Alvin']
Dissipate,962.1557408151874,2,['Anthony', 'Nathan']
Fact or Fiction,961.9822528728257,1,['Nathan']
Worldspine Wurm,961.4684304417618,1,['Alvin']
Arbor Elf,961.4661170282747,1,['Nathan']
Liliana, Heretical Healer // Liliana, Defiant Necromancer,961.4530031641674,1,['Miguel']
Emrakul, the Aeons Torn,961.2275296204641,2,['Troy', 'Allen']
Char,961.1947812282829,2,['Diana', 'Diana']
Night's Whisper,961.1705260842085,1,['Anthony']
Nature's Claim,961.1497857249047,1,['Miguel']
Chrome Mox,961.0176614142412,1,['Diana']
Kodama's Reach,960.5898793609203,3,['Alex', 'Troy', 'Alvin']
Spear of Heliod,959.2871553274853,2,['Anthony', 'Diana']
Thraben Inspector,958.5598218709986,1,['Diana']
Imperial Recruiter,958.348534302758,2,['Anthony', 'Anthony']
Barrin, Tolarian Archmage,958.2278524631379,2,['Nathan', 'Alvin']
Grand Abolisher,957.3910273791803,2,['Dan', 'Diana']
Blood Artist,957.3256857180988,1,['Alex']
Mirari's Wake,957.0666656143231,1,['Alex']
Winter Orb,957.019040190668,1,['Allen']
Trygon Predator,956.8322507043565,1,['Troy']
Xenagos, God of Revels,956.7400722809019,2,['Troy', 'Diana']
Buried Alive,956.2081211107379,1,['Miguel']
Wandering Fumarole,955.8572071684738,1,['Allen']
Slaughter Pact,955.7535186109541,1,['Nathan']
Woe Strider,955.5967084684355,2,['Nathan', 'Alvin']
Reflector Mage,955.4492834506264,1,['Nathan']
Dualcaster Mage,955.4273544645408,2,['Diana', 'Anthony']
Hangarback Walker,955.3975122374874,1,['Diana']
Tezzeret the Seeker,955.2034513460911,1,['Anthony']
Ulamog, the Infinite Gyre,954.8405216568675,2,['Allen', 'Nathan']
Lodestone Golem,954.3378006315265,1,['Dan']
Tarmogoyf,954.0760320960552,1,['Dan']
Chained to the Rocks,954.0338647697214,2,['Allen', 'Diana']
Needleverge Pathway // Pillarverge Pathway,953.7972017694223,2,['Allen', 'Dan']
Collective Brutality,953.636846851567,2,['Nathan', 'Nathan']
Celestial Colonnade,953.4561967589143,1,['Dan']
Academy Ruins,953.1465115292932,1,['Anthony']
Bomat Courier,953.089455897617,2,['Diana', 'Diana']
Smuggler's Copter,952.9471432718967,2,['Diana', 'Diana']
Putrid Imp,952.1876740883861,1,['Allen']
Raging Ravine,952.1385574010914,3,['Diana', 'Dan', 'Alvin']
Land Tax,952.1329922539976,1,['Nathan']
Impact Tremors,951.7913031139906,2,['Alex', 'Alvin']
Mother of Runes,951.4632869751246,2,['Dan', 'Dan']
Spectral Procession,951.3591999269938,2,['Dan', 'Diana']
Grim Haruspex,951.3310318596186,1,['Dan']
Bolas's Citadel,950.2150840776102,3,['Troy', 'Alex', 'Anthony']
Emrakul, the Promised End,950.1529526730051,2,['Alex', 'Alex']
Cavern of Souls,948.9912809053512,1,['Diana']
Talisman of Unity,948.7644843077742,1,['Troy']
Thoughtseize,948.5186554141726,1,['Nathan']
Ghave, Guru of Spores,948.4894031552298,2,['Troy', 'Alex']
Crash Through,948.4070244861939,1,['Anthony']
City of Brass,947.6101637195925,2,['Allen', 'Alex']
Condescend,947.4175252364477,3,['Allen', 'Nathan', 'Alvin']
Questing Beast,947.3900569766167,2,['Anthony', 'Dan']
Mindslaver,947.0242524779691,2,['Allen', 'Miguel']
Malakir Rebirth // Malakir Mire,946.9895601980694,2,['Anthony', 'Anthony']
Monastery Swiftspear,946.9672104821988,1,['Anthony']
Chain Lightning,946.9097595303209,1,['Diana']
Inkwell Leviathan,946.6516127661096,2,['Allen', 'Anthony']
Through the Breach,946.1900185572184,1,['Nathan']
Yavimaya Coast,946.1771383747374,2,['Alex', 'Diana']
Stasis,946.1211013117913,1,['Allen']
Sulfurous Springs,945.8871697336552,2,['Nathan', 'Alvin']
Hymn to Tourach,945.794337205939,2,['Anthony', 'Alvin']
Dramatic Reversal,945.2049719460433,1,['Allen']
Mantis Rider,945.194113417256,1,['Dan']
Fiend Artisan,945.0849353403903,1,['Alvin']
Reclamation Sage,944.7796145817344,2,['Alex', 'Diana']
Edric, Spymaster of Trest,944.6726827985628,2,['Alex', 'Nathan']
Oblivion Stone,944.661218270546,1,['Troy']
Angel of Invention,944.4886225317769,1,['Dan']
Innocent Blood,944.4454421137175,2,['Anthony', 'Diana']
Nadir Kraken,944.2653689996354,1,['Dan']
Branchloft Pathway // Boulderloft Pathway,944.0940338675239,2,['Diana', 'Dan']
Realm-Cloaked Giant // Cast Off,943.8879671467918,1,['Dan']
Usher of the Fallen,943.4527541499788,3,['Dan', 'Dan', 'Diana']
Plateau,943.415224685929,1,['Alex']
Anger of the Gods,942.9692132360697,2,['Anthony', 'Diana']
Seal of Cleansing,942.4623310998107,1,['Anthony']
Smokestack,942.129692239788,1,['Allen']
Soulherder,941.1920789175142,3,['Anthony', 'Miguel', 'Dan']
Brushland,941.1759162510618,3,['Dan', 'Troy', 'Dan']
Ashiok, Nightmare Weaver,940.3739113820448,3,['Alex', 'Allen', 'Alvin']
Emeria, the Sky Ruin,939.6431153332038,3,['Anthony', 'Diana', 'Anthony']
The Ozolith,938.9539230106902,1,['Nathan']
Treasure Cruise,938.8517629405198,1,['Nathan']
Felidar Guardian,938.3793222563526,2,['Anthony', 'Anthony']
The Great Henge,938.2116129158883,1,['Anthony']
Cascading Cataracts,937.4876851446553,1,['Nathan']
Metalworker,936.8079624403109,2,['Anthony', 'Alvin']
Chord of Calling,936.6373841695146,3,['Diana', 'Troy', 'Dan']
Trinket Mage,936.4915282868543,1,['Dan']
Kozilek, Butcher of Truth,936.2613298519312,2,['Anthony', 'Diana']
Collected Company,936.2407288124443,3,['Dan', 'Alex', 'Alvin']
Fight as One,936.1367686452575,1,['Dan']
Siege Rhino,936.1163281375605,1,['Allen']
Primal Command,935.9557020413263,3,['Diana', 'Anthony', 'Alvin']
Stonecoil Serpent,934.8795664939317,1,['Alex']
Eladamri's Call,934.8747293574455,1,['Nathan']
Brightclimb Pathway // Grimclimb Pathway,934.5935839170068,1,['Diana']
Bloodsoaked Champion,934.3994296855391,2,['Dan', 'Anthony']
Gaddock Teeg,934.2542296729803,1,['Dan']
Goblin Rabblemaster,934.0228432242785,3,['Nathan', 'Alvin', 'Allen']
Ash Barrens,933.9603554221732,1,['Anthony']
Command the Dreadhorde,933.842658383217,1,['Anthony']
Eldrazi Displacer,933.815515442893,3,['Troy', 'Nathan', 'Anthony']
Drop of Honey,933.6658741106337,1,['Dan']
Batterskull,933.5432567157976,3,['Dan', 'Nathan', 'Nathan']
Brain Freeze,933.4165574169501,3,['Nathan', 'Anthony', 'Nathan']
Urborg, Tomb of Yawgmoth,933.3778562999651,2,['Nathan', 'Allen']
Pia and Kiran Nalaar,932.9295047353113,2,['Diana', 'Allen']
Blast Zone,932.8818304640421,3,['Troy', 'Nathan', 'Dan']
Temple Garden,932.3885540533639,3,['Nathan', 'Miguel', 'Nathan']
Tolarian Academy,931.3940512068936,3,['Allen', 'Allen', 'Anthony']
Karn's Bastion,931.3186147957555,1,['Dan']
Wishclaw Talisman,930.0209553143524,2,['Anthony', 'Allen']
Avacyn's Pilgrim,926.6588508108356,3,['Diana', 'Alvin', 'Dan']
Languish,926.0486979950059,2,['Nathan', 'Diana']
Llanowar Wastes,924.8569551725994,2,['Dan', 'Allen']
Leonin Relic-Warder,923.9348705659984,2,['Dan', 'Anthony']
Mutavault,923.4583194577128,3,['Diana', 'Anthony', 'Anthony']
Casualties of War,921.9771767059023,2,['Diana', 'Diana']
Harrow,921.1355375226883,2,['Alex', 'Miguel']
Kitchen Finks,919.3216128571253,2,['Dan', 'Anthony']
Ashnod's Altar,919.1715857482062,2,['Nathan', 'Alex']
Scrapheap Scrounger,918.9326619179251,2,['Anthony', 'Alex']
Thragtusk,917.836024277884,3,['Miguel', 'Alex', 'Diana']
Clearwater Pathway // Murkwater Pathway,916.9256845163052,2,['Allen', 'Alvin']
Lim-DÃ»l's Vault,916.5763029718033,3,['Nathan', 'Allen', 'Nathan']
Adarkar Wastes,913.1878341234808,2,['Allen', 'Nathan']
Phyrexian Obliterator,913.1370176343682,3,['Anthony', 'Miguel', 'Alvin']
Eidolon of the Great Revel,912.6971110988021,3,['Diana', 'Diana', 'Dan']
Karplusan Forest,912.6106952292379,2,['Dan', 'Anthony']
Phyrexian Revoker,912.5078487117864,2,['Miguel', 'Diana']
Arcane Sanctum,911.5131472012339,3,['Allen', 'Diana', 'Anthony']
Natural Order,910.4079955923376,2,['Nathan', 'Troy']
Mishra's Workshop,910.3146350791021,2,['Alex', 'Nathan']
Regicide,909.7371514484013,2,['Troy', 'Dan']
Bloodbraid Elf,909.4931604941426,2,['Allen', 'Miguel']
Barkchannel Pathway // Tidechannel Pathway,909.4810348708102,4,['Allen', 'Nathan', 'Nathan', 'Nathan']
Yorion, Sky Nomad,908.9223234126358,3,['Nathan', 'Allen', 'Miguel']
Mirrodin's Core,908.662661756824,2,['Nathan', 'Allen']
Moat,908.5416318794057,2,['Miguel', 'Diana']
Archon of Emeria,908.1045557998626,2,['Nathan', 'Nathan']
Cragcrown Pathway // Timbercrown Pathway,906.2972707834875,2,['Allen', 'Miguel']
Skymarcher Aspirant,905.6095816549142,2,['Dan', 'Allen']
Shivan Reef,905.3332497980599,2,['Alvin', 'Dan']
Parallax Wave,903.1247905821577,2,['Miguel', 'Alex']
Agadeem's Awakening // Agadeem, the Undercrypt,902.920271788098,3,['Nathan', 'Miguel', 'Alvin']
Chaos Warp,900.7873422374862,2,['Diana', 'Anthony']
Knight of the Reliquary,900.7740994909677,2,['Allen', 'Miguel']
Stirring Wildwood,900.2470177101065,2,['Troy', 'Alvin']
Worldly Tutor,899.6244475653782,2,['Miguel', 'Dan']
Oona's Prowler,898.1369037849231,2,['Dan', 'Alvin']
Spell Pierce,897.9299923321913,2,['Alex', 'Miguel']
Viscera Seer,897.3564852698909,2,['Anthony', 'Alex']
Oath of Druids,895.6525580798,2,['Nathan', 'Alvin']
Qasali Pridemage,895.5202409731418,3,['Troy', 'Dan', 'Allen']
Phyrexian Arena,895.3201542661079,4,['Alex', 'Diana', 'Allen', 'Anthony']
Search for Azcanta // Azcanta, the Sunken Ruin,894.0700934740408,3,['Alex', 'Allen', 'Nathan']
Survival of the Fittest,894.0188826527898,3,['Allen', 'Allen', 'Alvin']
Carrion Feeder,893.389420390917,2,['Miguel', 'Alvin']
Pack Rat,892.2611122631128,3,['Allen', 'Miguel', 'Allen']
Phyrexian Altar,890.0030103944447,2,['Allen', 'Diana']
Sulfuric Vortex,886.0280337579173,2,['Alex', 'Diana']
Crop Rotation,883.6414525482139,2,['Diana', 'Nathan']
Dauntless Bodyguard,882.0102742567291,2,['Diana', 'Alex']
Gurmag Angler,878.0018581102588,2,['Nathan', 'Dan']
Undiscovered Paradise,875.9930985439199,3,['Anthony', 'Allen', 'Allen']
Sigarda, Host of Herons,875.832494906852,3,['Dan', 'Troy', 'Alvin']
Unexpectedly Absent,873.6308399383527,3,['Anthony', 'Dan', 'Allen']
Adanto Vanguard,873.1492381280173,3,['Dan', 'Diana', 'Alvin']
Falkenrath Aristocrat,853.3728304341657,3,['Anthony', 'Miguel', 'Allen']